{"last_tab":"1","header_layout":"default","favicon_icon":{"url":"","id":"","height":"","width":"","thumbnail":""},"header_height_id":{"height":"105px","units":"px"},"header_bg":"#f3f3f3","header_height_fixed":{"height":"71px","units":"px"},"mega_menu":"1","menu_sticky":"1","main_logo":{"url":"http:\/\/demo.farost.net\/fcgroup\/wp-content\/uploads\/2016\/08\/logo.png","id":"1173","height":"41","width":"222","thumbnail":"http:\/\/demo.farost.net\/fcgroup\/wp-content\/uploads\/2016\/08\/logo-150x41.png"},"main_logo_height":{"height":"41px","units":"px"},"sticky_logo_height":{"height":"37px","units":"px"},"page_title_layout":"2","page-title-align":"left","page_title_background":{"background-color":"#0f1923","background-repeat":"no-repeat","background-size":"cover","background-attachment":"inherit","background-position":"center center","background-image":"http:\/\/demo.farost.net\/fcgroup\/wp-content\/themes\/wp-fcgroup\/assets\/images\/blog-2-1.jpg","media":{"id":"","height":"","width":"","thumbnail":""}},"page_title_color":"#ffffff","enable-breadcrumb":"1","breadcrumb_color_hover":"#51c5eb","enable-sub-pagetitle":"1","sub-pagetitle-text":"Lorem ipsum dolor sit amet consectetur adipiscing elit sed do eiusmod tempor aboreet dolore magna aliqua.","primary_color":"#51c5eb","link_color":{"regular":"#0f1923","hover":"#51c5eb"},"main_content_background":{"background-color":"#f3f3f3","background-repeat":"no-repeat","background-size":"cover","background-attachment":"inherit","background-position":"center center","background-image":"","media":{"id":"","height":"","width":"","thumbnail":""}},"font_body":{"font-family":"Roboto","font-options":"","google":"1","font-backup":"","font-weight":"300","font-style":"","subsets":"","text-align":"","font-size":"14px","color":"#777777"},"font_h1":{"font-family":"Roboto","font-options":"","google":"1","font-backup":"","font-weight":"500","font-style":"","subsets":"","text-align":"","font-size":"40px","color":"#0f1923"},"font_h2":{"font-family":"Roboto","font-options":"","google":"1","font-backup":"","font-weight":"700","font-style":"","subsets":"","text-align":"","font-size":"22px","color":"#0f1923"},"font_h3":{"font-family":"Roboto","font-options":"","google":"1","font-backup":"","font-weight":"500","font-style":"","subsets":"","text-align":"","font-size":"20px","color":"#0f1923"},"font_h4":{"font-family":"Roboto","font-options":"","google":"1","font-backup":"","font-weight":"500","font-style":"","subsets":"","text-align":"","font-size":"18px","color":"#0f1923"},"font_h5":{"font-family":"Roboto","font-options":"","google":"1","font-backup":"","font-weight":"500","font-style":"","subsets":"","text-align":"","font-size":"16px","color":"#0f1923"},"font_h6":{"font-family":"Roboto","font-options":"","google":"1","font-backup":"","font-weight":"500","font-style":"","subsets":"","text-align":"","font-size":"10px","color":"#0f1923"},"google-font-1":{"font-family":"","font-options":"","google":"1","font-backup":"","font-weight":"","font-style":"","subsets":"","text-align":"","font-size":"","line-height":"","color":""},"google-font-selector-1":"","blog_layout":"left-sidebar","single_layout":"left-sidebar","show_social_post":"","single_author_post":"1","single_categories_post":"1","single_tag_post":"1","single_comment_post":"1","single_view_post":"1","404-img-logo":{"url":"http:\/\/demo.farost.net\/fcgroup\/wp-content\/themes\/wp-fcgroup\/assets\/images\/logo2.png","id":"","height":"","width":"","thumbnail":""},"404-phone":"+1 2586 4587 634","404-email":"info@financegroup.com","404-img-bg":{"background-color":"#0f1923","background-repeat":"no-repeat","background-size":"cover","background-attachment":"inherit","background-position":"center center","background-image":"http:\/\/demo.farost.net\/fcgroup\/wp-content\/themes\/wp-fcgroup\/assets\/images\/error-banner.jpg","media":{"id":"","height":"","width":"","thumbnail":""}},"show-cta-footer":"1","footer-cta-bg":{"background-color":"#dd3333","background-repeat":"no-repeat","background-size":"cover","background-attachment":"inherit","background-position":"center center","background-image":"http:\/\/demo.farost.net\/fcgroup\/wp-content\/uploads\/2016\/05\/support-team.jpg","media":{"id":"","height":"","width":"","thumbnail":""}},"footer-cta-padding":{"padding-top":"29px","padding-bottom":"29px","units":"px"},"cta-text":" If you have any query for related investment ... We are Available","cta-button":"#","cta-button-text":"Contact Now","footer-bottom-column":"4","show_custom_columns":"1","col1":"col-lg-4 col-md-4 col-xs-12","col2":"col-lg-2 col-md-3 col-xs-12","col3":"col-lg-3 col-md-3 col-xs-12","col4":"col-lg-3 col-md-2 col-xs-12","footer-bottom-bg":{"background-color":"#0f1923","background-repeat":"no-repeat","background-size":"cover","background-attachment":"inherit","background-position":"center center","background-image":"","media":{"id":"","height":"","width":"","thumbnail":""}},"footer_logo":{"url":"http:\/\/demo.farost.net\/fcgroup\/wp-content\/themes\/wp-fcgroup\/assets\/images\/footer-logo.png","id":"","height":"","width":"","thumbnail":""},"footer-bottom-copyright":"Copyright \u00a9 FC Group 2017.<br>\r\nAll rights reserved.<br>\r\nCreated by: <a href=\"#\">Designingmedia<\/a>","footer-bottom-pos":"4","footer-heading-color":"#ffffff","footer-text-color":"#c3c8cb","footer-link-color":{"regular":"#c3c8cb","hover":"#51c5eb","active":"#51c5eb"},"footer-bottom-padding":{"padding-top":"70px","padding-bottom":"76px","units":"px"},"facebook":"","twitter":"","rss":"","instagram":"","google":"","skype":"","linkedin":"","pinterest":"","vimeo":"","youtube":"","yelp":"","tumblr":"","individual_social_on_footer":{"enabled":{"placebo":"placebo","facebook":"Facebook","twitter":"Twitter","linkedin":"Linkedin","google":"Google"},"disabled":{"placebo":"placebo","instagram":"Rss","skype":"Skype","vimeo":"Vimeo","yelp":"Yelp","tumblr":"Tumblr","rss":"Rss","youtube":"Youtube","pinterest":"Pinterest"}},"woo_layout":"right-sidebar","woo_column":"3","woo_item_per_page":"6","dev_mode":"1"}